1,qweaferfgva##,,sgsgsgsr@sdfrr.ss,,рлвпоыа,-,false,21.11.24,active_search
2,AS$WFW,ujnyhbtgfr,,впроыпароыар,,admin,true,01.12.24,on_project
3,kgcshrvf$%,dfrgthyjkl%$#@,sdhstahegaer@jdjf.su,*&^%$,djtyhyth765,-,-,21.11.24,-
4,hvyvvug@#,,dfgagdga,,впрлвпрово,user,true,06.06.24,active_search
5,rtghjiol%^&*,вовнновао,рваовро,ehgvqerghq,@&^*$^*,-,false,,pause_search
6,oiuyt#$%^&,yhbtgv,,вттпапоншдвпраып,,user,-,25.08.2024,on_project
7,,,ваоувно,яоыьчовта,dhkmjghh9876,user,false,25.08.2024,-
8,,rfed,sdhstahegaer@jdjf.su,,#^&#,user,true,21.11.24,pause_search
9,,rtyujhnm^%$#,sdhstahegaer,argbwuergw,,admin,false,25.08.2024,on_project
10,,,овпонш,овновоыао,"sfgh,giug654",-,-,01.12.24,-
11,,ровао,,&^%$#@,проврповаы,user,true,21.11.24,active_search
12,,yhgt,sdhstahegaer@jdjf.su,,@#%$&#^&,admin,-,06.06.24,pause_search
13,,Dfghjkk*&^%$3,sdhstahegaer,jerbgbvabr,,-,true,,on_project
14,фврфре,врввн,sdhstahegaer@jdjf.su,adgjutbvter,hkjklkjhg6789,user,-,,-
15,фефкпфр,kmujnynh,sdhstahegaer,спочятяпалояп,овпоыапрыр,admin,true,25.08.2024,active_search
16,ыегыар,jhtf,ыаоцоыерыно,(*&^%$,#^%&@$%&,-,false,25.08.2024,pause_search
17,ыкгы,,,,,user,-,21.11.24,on_project
18,ыапорыер,воро,sdhstahegaer@jdjf.su,kjbgwberg,987hklkjh,-,true,25.08.2024,-
19,апрыае,k8ijuhygtfr,sdhstahegaer,влввлвн,воапрырн,user,false,01.12.24,active_search
20,ыоые7,ertyuikjmhg#$%^&,ровавгвыыо,)(*&^,@#^#*(,admin,-,21.11.24,pause_search
21,арыапвао,,,,,-,true,06.06.24,on_project
22,njh6ybgtvr,"ik,ujmnyhbtgvrf",лврогд,,"567,jmhrthj",user,-,06.06.24,-
23,u6hygtf,rtyuik^&*,,kjgwurgfw,вроапры,admin,true,,active_search
24,uh6ygt,,sdhstahegaer@jdjf.su,нлвтвно,(*&^%$@#$,-,-,25.08.2024,pause_search
25,ukdhgmc,вововнг,sdhstahegaer,^%$#@,,user,true,01.12.24,on_project
26,gtyyj6hg,hjdjdgfgs,арырыеов,,8dfgbnko9,admin,false,21.11.24,-
27,ytksjfs,qwsdxcvb^&*,,hegugeiurg,ваоернор,-,-,25.08.2024,active_search
28,ghdkdgkd,,sdhstahegaer@jdjf.su,флдждлорп,*&^%$@#,user,true,01.12.24,pause_search
29,dghjdt,варовор,sdhstahegaer,(*&^%%$##,,-,false,21.11.24,on_project
30,vuyvbun;oi@@@,oijhgbn&*,sdhstahegaer@jdjf.su,@$^**,"o,iumnybt765",-,true,21.11.24,-
31,snjsyh%#,,sdhstahegaer,,вровгдалефеошщж,user,false,06.06.24,active_search
32,dsfvnoi#$%,воеопрт,ппдагонаырв,vanyaIvanov,@#$%^,-,-,,pause_search
33,eknuviunm@#$%,jdfgnulfgsghs,,ункжщдлор,,user,true,25.08.2024,on_project
34,dfghj@#,[poiu(*&^,sdhstahegaer@jdjf.su,%$^&#^*,98hgfd,admin,-,01.12.24,-
35,lkjhgfd&^%,,sdhstahegaer,,оврерыогл,-,true,21.11.24,active_search
36,sfcghj*&^%$,овновон,лвпноылвплв,fgjsjsfjdyt,(*&^%$##$%^,user,false,25.08.2024,pause_search
37,lojhg@#$%,g;ghhshdl;lkjh,,шдщшдлвен,,admin,-,01.12.24,on_project
38,,,нлввввнлавлвапр,нгрвнеыпш,9876hgfdh,-,false,01.12.24,-
39,,внвоврове,,#$&%@#$&,шдаагогурцпкпп,user,-,21.11.24,active_search
40,,lkjhaaff,sdhstahegaer@jdjf.su,,(*&^%$#$%^,admin,true,06.06.24,pause_search
41,,ewdcgyuhnm@#,sdhstahegaer,fgjdfjddf,,-,false,,on_project
42,,,нлашшонерые,влгло,lkjhg654,user,-,25.08.2024,-
43,,лпьктуепвап,,%^*(,црпеошдщж,-,true,01.12.24,active_search
44,,udfnsfudfjsj,sdhstahegaer@jdjf.su,,(*&^%,user,-,21.11.24,pause_search
45,,uytrdfghj)(*&^%,sdhstahegaer,fuhhfygi,,admin,true,25.08.2024,on_project
